timestamp,chat_id,event,detail,prompt
"2025-12-09 15:50:34",728774753,"recv","/start",""
"2025-12-09 15:50:34",728774753,"send_ok","<b>üëã PromptBinder</b>
–í—ã–±–µ—Ä–∏—Ç–µ –∫–∞—Ç–µ–≥–æ—Ä–∏—é:",""
"2025-12-09 15:50:34",728774753,"start","",""
"2025-12-09 15:50:34",728774753,"recv","/start",""
"2025-12-09 15:50:35",728774753,"send_ok","<b>üëã PromptBinder</b>
–í—ã–±–µ—Ä–∏—Ç–µ –∫–∞—Ç–µ–≥–æ—Ä–∏—é:",""
"2025-12-09 15:50:35",728774753,"start","",""
"2025-12-09 15:50:56",728774753,"recv","/start",""
"2025-12-09 15:50:57",728774753,"send_ok","<b>üëã PromptBinder</b>
–í—ã–±–µ—Ä–∏—Ç–µ –∫–∞—Ç–µ–≥–æ—Ä–∏—é:",""
"2025-12-09 15:50:57",728774753,"start","",""
"2025-12-09 15:51:00",728774753,"recv","‚ú® –ö—Ä–µ–∞—Ç–∏–≤ ‚Äî –∏–¥–µ–∏, —Å–ª–æ–≥–∞–Ω—ã",""
"2025-12-09 15:51:00",728774753,"send_ok","<b>–ö—Ä–µ–∞—Ç–∏–≤</b>
–í—ã–±–µ—Ä–∏—Ç–µ –∑–∞–¥–∞—á—É:",""
"2025-12-09 15:51:00",728774753,"open_category","creative",""
"2025-12-09 15:51:02",728774753,"recv","–ò–¥–µ—è  üí°",""
"2025-12-09 15:51:02",728774753,"send_ok","–í–≤–µ–¥–∏—Ç–µ <b>—Ç–µ–º–∞</b>:
<i>–ø—Ä–∏–º–µ—Ä: –±–æ—Ç –∫—Ä–∏–ø—Ç–æ–Ω—å—é—Å</i>",""
"2025-12-09 15:51:02",728774753,"start_prompt","idea",""
"2025-12-09 15:51:29",728774753,"recv","–¢–ì –∫–∞–Ω–∞–ª —Ç–∞–Ω—Ü–µ–≤ –∏ —Ñ–æ—Ç–æ",""
"2025-12-09 15:51:29",728774753,"field","—Ç–µ–º–∞=–¢–ì –∫–∞–Ω–∞–ª —Ç–∞–Ω—Ü–µ–≤ –∏ —Ñ–æ—Ç–æ","idea"
"2025-12-09 15:51:30",728774753,"send_ok","–í–≤–µ–¥–∏—Ç–µ <b>–¥–ª—è –∫–æ–≥–æ</b>:
<i>–ø—Ä–∏–º–µ—Ä: –Ω–æ–≤–∏—á–∫–∏</i>",""
"2025-12-09 15:51:38",728774753,"recv","–ª—é–±–∏—Ç–µ–ª—å",""
"2025-12-09 15:51:38",728774753,"field","–¥–ª—è –∫–æ–≥–æ=–ª—é–±–∏—Ç–µ–ª—å","idea"
"2025-12-09 15:51:38",728774753,"send_ok","–í–≤–µ–¥–∏—Ç–µ <b>—Ü–µ–ª—å</b>:
<i>–ø—Ä–∏–º–µ—Ä: —Å–æ–±—Ä–∞—Ç—å –∞—É–¥–∏—Ç–æ—Ä–∏—é</i>",""
"2025-12-09 15:51:52",728774753,"recv","–ø—Ä–æ–¥–∞—Ç—å –∫—É—Ä—Å—ã",""
"2025-12-09 15:51:52",728774753,"field","—Ü–µ–ª—å=–ø—Ä–æ–¥–∞—Ç—å –∫—É—Ä—Å—ã","idea"
"2025-12-09 15:51:52",728774753,"send_ok","<b>‚ú® –í–∞—à –ø—Ä–æ–º–ø—Ç</b>

<code>–ü—Ä–∏–¥—É–º–∞–π –∏–¥–µ—é –ø–æ —Ç–µ–º–µ –¢–ì –∫–∞–Ω–∞–ª —Ç–∞–Ω—Ü–µ–≤ –∏ —Ñ–æ—Ç–æ –¥–ª—è –ª—é–±–∏",""
"2025-12-09 15:51:52",728774753,"prompt_generated","idea",""
"2025-12-09 15:51:53",728774753,"send_ok","–í—ã–±–µ—Ä–∏—Ç–µ –∫–∞—Ç–µ–≥–æ—Ä–∏—é:",""
"2025-12-09 15:53:49",721947837,"recv","‚ú® –ö—Ä–µ–∞—Ç–∏–≤ ‚Äî –∏–¥–µ–∏, —Å–ª–æ–≥–∞–Ω—ã",""
"2025-12-09 15:53:50",721947837,"send_ok","<b>–ö—Ä–µ–∞—Ç–∏–≤</b>
–í—ã–±–µ—Ä–∏—Ç–µ –∑–∞–¥–∞—á—É:",""
"2025-12-09 15:53:50",721947837,"open_category","creative",""
"2025-12-09 15:53:52",721947837,"recv","–ò–¥–µ—è  üí°",""
"2025-12-09 15:53:52",721947837,"send_ok","–í–≤–µ–¥–∏—Ç–µ <b>—Ç–µ–º–∞</b>:
<i>–ø—Ä–∏–º–µ—Ä: –±–æ—Ç –∫—Ä–∏–ø—Ç–æ–Ω—å—é—Å</i>",""
"2025-12-09 15:53:52",721947837,"start_prompt","idea",""
"2025-12-09 15:54:10",721947837,"recv","–ß–µ–ª–µ–Ω–¥–∂ –¥–ª—è —Ç–∞–Ω—Ü–æ—Ä–æ–≤",""
"2025-12-09 15:54:10",721947837,"field","—Ç–µ–º–∞=–ß–µ–ª–µ–Ω–¥–∂ –¥–ª—è —Ç–∞–Ω—Ü–æ—Ä–æ–≤","idea"
"2025-12-09 15:54:10",721947837,"send_ok","–í–≤–µ–¥–∏—Ç–µ <b>–¥–ª—è –∫–æ–≥–æ</b>:
<i>–ø—Ä–∏–º–µ—Ä: –Ω–æ–≤–∏—á–∫–∏</i>",""
"2025-12-09 15:54:16",721947837,"recv","–ù–æ–≤–∏—á–∫–∏",""
"2025-12-09 15:54:16",721947837,"field","–¥–ª—è –∫–æ–≥–æ=–ù–æ–≤–∏—á–∫–∏","idea"
"2025-12-09 15:54:16",721947837,"send_ok","–í–≤–µ–¥–∏—Ç–µ <b>—Ü–µ–ª—å</b>:
<i>–ø—Ä–∏–º–µ—Ä: —Å–æ–±—Ä–∞—Ç—å –∞—É–¥–∏—Ç–æ—Ä–∏—é</i>",""
"2025-12-09 15:54:23",721947837,"recv","–°–æ–±—Ä–∞—Ç—å –∞—É–¥–∏—Ç–æ—Ä–∏—é",""
"2025-12-09 15:54:23",721947837,"field","—Ü–µ–ª—å=–°–æ–±—Ä–∞—Ç—å –∞—É–¥–∏—Ç–æ—Ä–∏—é","idea"
"2025-12-09 15:54:24",721947837,"send_ok","<b>‚ú® –í–∞—à –ø—Ä–æ–º–ø—Ç</b>

<code>–ü—Ä–∏–¥—É–º–∞–π –∏–¥–µ—é –ø–æ —Ç–µ–º–µ –ß–µ–ª–µ–Ω–¥–∂ –¥–ª—è —Ç–∞–Ω—Ü–æ—Ä–æ–≤ –¥–ª—è –ù–æ–≤–∏—á–∫",""
"2025-12-09 15:54:24",721947837,"prompt_generated","idea",""
"2025-12-09 15:54:25",721947837,"send_ok","–í—ã–±–µ—Ä–∏—Ç–µ –∫–∞—Ç–µ–≥–æ—Ä–∏—é:",""
"2025-12-20 08:45:05",728774753,"recv","/start",""
"2025-12-20 08:45:05",728774753,"send_ok","<b>üëã PromptBinder</b>
–í—ã–±–µ—Ä–∏—Ç–µ –∫–∞—Ç–µ–≥–æ—Ä–∏—é:",""
"2025-12-20 08:45:05",728774753,"start","",""
"2025-12-20 08:45:07",728774753,"recv","‚ú® –ö—Ä–µ–∞—Ç–∏–≤ ‚Äî –∏–¥–µ–∏, —Å–ª–æ–≥–∞–Ω—ã",""
"2025-12-20 08:45:07",728774753,"send_ok","<b>–ö—Ä–µ–∞—Ç–∏–≤</b>
–í—ã–±–µ—Ä–∏—Ç–µ –∑–∞–¥–∞—á—É:",""
"2025-12-20 08:45:07",728774753,"open_category","creative",""
"2025-12-20 08:45:10",728774753,"recv","–ò–¥–µ—è  üí°",""
"2025-12-20 08:45:10",728774753,"send_ok","–í–≤–µ–¥–∏—Ç–µ <b>—Ç–µ–º–∞</b>:
<i>–ø—Ä–∏–º–µ—Ä: –±–æ—Ç –∫—Ä–∏–ø—Ç–æ–Ω—å—é—Å</i>",""
"2025-12-20 08:45:10",728774753,"start_prompt","idea",""
"2025-12-20 09:03:44",8237916644,"recv","—Å—Ç–∞—Ä—Ç",""
"2025-12-20 09:03:44",8237916644,"send_ok","–í—ã–±–µ—Ä–∏—Ç–µ –∫–∞—Ç–µ–≥–æ—Ä–∏—é –∏–∑ –º–µ–Ω—é üëá",""
"2025-12-20 09:03:46",8237916644,"recv","‚ú® –ö—Ä–µ–∞—Ç–∏–≤ ‚Äî –∏–¥–µ–∏, —Å–ª–æ–≥–∞–Ω—ã",""
"2025-12-20 09:03:46",8237916644,"send_ok","<b>–ö—Ä–µ–∞—Ç–∏–≤</b>
–í—ã–±–µ—Ä–∏—Ç–µ –∑–∞–¥–∞—á—É:",""
"2025-12-20 09:03:46",8237916644,"open_category","creative",""
"2025-12-20 09:04:52",728774753,"recv","‚ùå –û—Ç–º–µ–Ω–∞",""
"2025-12-20 09:04:52",728774753,"send_ok","–û—Ç–º–µ–Ω–µ–Ω–æ.",""
"2025-12-20 09:04:56",728774753,"recv","‚ú® –ö—Ä–µ–∞—Ç–∏–≤ ‚Äî –∏–¥–µ–∏, —Å–ª–æ–≥–∞–Ω—ã",""
"2025-12-20 09:04:56",728774753,"send_ok","<b>–ö—Ä–µ–∞—Ç–∏–≤</b>
–í—ã–±–µ—Ä–∏—Ç–µ –∑–∞–¥–∞—á—É:",""
"2025-12-20 09:04:56",728774753,"open_category","creative",""
"2025-12-20 09:04:58",728774753,"recv","–°–ª–æ–≥–∞–Ω  ‚úçÔ∏è",""
"2025-12-20 09:04:59",728774753,"send_ok","–í–≤–µ–¥–∏—Ç–µ <b>–ø—Ä–æ–¥—É–∫—Ç</b>:
<i>–ø—Ä–∏–º–µ—Ä: CryptoPulse</i>",""
"2025-12-20 09:04:59",728774753,"start_prompt","tagline",""
"2025-12-20 09:06:09",728774753,"recv","https://t.me/PromptBinder_bot",""
"2025-12-20 09:06:09",728774753,"field","–ø—Ä–æ–¥—É–∫—Ç=https://t.me/PromptBinder_bot","tagline"
"2025-12-20 09:06:09",728774753,"send_ok","–í–≤–µ–¥–∏—Ç–µ <b>—Å—Ç–∏–ª—å</b>:
<i>–ø—Ä–∏–º–µ—Ä: —Å–æ–≤—Ä–µ–º–µ–Ω–Ω–æ</i>",""
"2025-12-20 09:06:15",728774753,"recv","‚ùå –û—Ç–º–µ–Ω–∞",""
"2025-12-20 09:06:15",728774753,"send_ok","–û—Ç–º–µ–Ω–µ–Ω–æ.",""
"2025-12-20 10:53:09",728774753,"recv","/start",""
"2025-12-20 10:53:09",728774753,"send_ok","<b>üëã PromptBinder</b>
–í—ã–±–µ—Ä–∏—Ç–µ –∫–∞—Ç–µ–≥–æ—Ä–∏—é:",""
"2025-12-20 10:53:09",728774753,"start","",""
"2025-12-20 10:53:10",728774753,"recv","üí¨ –ö–æ–Ω—Ç–µ–Ω—Ç ‚Äî –ø–æ—Å—Ç—ã, —É–ø—Ä–æ—â–µ–Ω–∏–µ",""
"2025-12-20 10:53:10",728774753,"send_ok","<b>–ö–æ–Ω—Ç–µ–Ω—Ç</b>
–í—ã–±–µ—Ä–∏—Ç–µ –∑–∞–¥–∞—á—É:",""
"2025-12-20 10:53:10",728774753,"open_category","content",""
"2025-12-20 10:56:15",6976108808,"recv","/start",""
"2025-12-20 10:56:15",6976108808,"send_ok","<b>üëã PromptBinder</b>
–í—ã–±–µ—Ä–∏—Ç–µ –∫–∞—Ç–µ–≥–æ—Ä–∏—é:",""
"2025-12-20 10:56:15",6976108808,"start","",""
"2025-12-20 10:56:25",6976108808,"recv","‚ú® –ö—Ä–µ–∞—Ç–∏–≤ ‚Äî –∏–¥–µ–∏, —Å–ª–æ–≥–∞–Ω—ã",""
"2025-12-20 10:56:25",6976108808,"send_ok","<b>–ö—Ä–µ–∞—Ç–∏–≤</b>
–í—ã–±–µ—Ä–∏—Ç–µ –∑–∞–¥–∞—á—É:",""
"2025-12-20 10:56:25",6976108808,"open_category","creative",""
"2025-12-20 10:56:31",6976108808,"recv","–°–ª–æ–≥–∞–Ω  ‚úçÔ∏è",""
"2025-12-20 10:56:32",6976108808,"send_ok","–í–≤–µ–¥–∏—Ç–µ <b>–ø—Ä–æ–¥—É–∫—Ç</b>:
<i>–ø—Ä–∏–º–µ—Ä: CryptoPulse</i>",""
"2025-12-20 10:56:32",6976108808,"start_prompt","tagline",""
"2025-12-20 10:56:50",6976108808,"recv","–¢–≤–µ—Ä—Å–∫–æ–π —Ç—Ä–∞–º–≤–∞–π",""
"2025-12-20 10:56:50",6976108808,"field","–ø—Ä–æ–¥—É–∫—Ç=–¢–≤–µ—Ä—Å–∫–æ–π —Ç—Ä–∞–º–≤–∞–π","tagline"
"2025-12-20 10:56:50",6976108808,"send_ok","–í–≤–µ–¥–∏—Ç–µ <b>—Å—Ç–∏–ª—å</b>:
<i>–ø—Ä–∏–º–µ—Ä: —Å–æ–≤—Ä–µ–º–µ–Ω–Ω–æ</i>",""
"2025-12-20 10:57:01",6976108808,"recv","–†–µ—Ç—Ä–æ",""
"2025-12-20 10:57:01",6976108808,"field","—Å—Ç–∏–ª—å=–†–µ—Ç—Ä–æ","tagline"
"2025-12-20 10:57:02",6976108808,"send_ok","<b>‚ú® –í–∞—à –ø—Ä–æ–º–ø—Ç</b>

<code>–ü—Ä–∏–¥—É–º–∞–π 10 —Å–ª–æ–≥–∞–Ω–æ–≤ –¥–ª—è –¢–≤–µ—Ä—Å–∫–æ–π —Ç—Ä–∞–º–≤–∞–π –≤ —Å—Ç–∏–ª–µ –†–µ—Ç",""
"2025-12-20 10:57:02",6976108808,"prompt_generated","tagline",""
"2025-12-20 10:57:02",6976108808,"send_ok","–í—ã–±–µ—Ä–∏—Ç–µ –∫–∞—Ç–µ–≥–æ—Ä–∏—é:",""
"2025-12-20 10:57:18",6976108808,"recv","üé¨ –í–∏–¥–µ–æ ‚Äî —Å—Ü–µ–Ω–∞—Ä–∏–∏, —Ä–æ–ª–∏–∫–∏",""
"2025-12-20 10:57:18",6976108808,"send_ok","<b>–í–∏–¥–µ–æ</b>
–í—ã–±–µ—Ä–∏—Ç–µ –∑–∞–¥–∞—á—É:",""
"2025-12-20 10:57:18",6976108808,"open_category","video",""
"2025-12-20 10:57:44",6976108808,"recv","–≤–æ–∑—Ä–æ–¥–∏—Ç—å —Ç—Ä–∞–º–≤–∞–π –≤ –¢–≤–µ—Ä–∏",""
"2025-12-20 10:57:45",6976108808,"send_ok","–í—ã–±–µ—Ä–∏—Ç–µ –∫–∞—Ç–µ–≥–æ—Ä–∏—é –∏–∑ –º–µ–Ω—é üëá",""
"2025-12-20 10:57:53",6976108808,"recv","üé¨ –í–∏–¥–µ–æ ‚Äî —Å—Ü–µ–Ω–∞—Ä–∏–∏, —Ä–æ–ª–∏–∫–∏",""
"2025-12-20 10:57:54",6976108808,"send_ok","<b>–í–∏–¥–µ–æ</b>
–í—ã–±–µ—Ä–∏—Ç–µ –∑–∞–¥–∞—á—É:",""
"2025-12-20 10:57:54",6976108808,"open_category","video",""
"2025-12-20 10:59:07",728774753,"recv","–†–∞—Å—Å–∫–∞–∂–∏ –æ –º–æ—Å–∫–≤–µ",""
"2025-12-20 10:59:08",728774753,"send_ok","–í—ã–±–µ—Ä–∏—Ç–µ –∫–∞—Ç–µ–≥–æ—Ä–∏—é –∏–∑ –º–µ–Ω—é üëá",""
"2025-12-20 10:59:12",728774753,"recv","‚ú® –ö—Ä–µ–∞—Ç–∏–≤ ‚Äî –∏–¥–µ–∏, —Å–ª–æ–≥–∞–Ω—ã",""
"2025-12-20 10:59:12",728774753,"send_ok","<b>–ö—Ä–µ–∞—Ç–∏–≤</b>
–í—ã–±–µ—Ä–∏—Ç–µ –∑–∞–¥–∞—á—É:",""
"2025-12-20 10:59:12",728774753,"open_category","creative",""
"2025-12-20 10:59:16",728774753,"recv","–ò–¥–µ—è  üí°",""
"2025-12-20 10:59:16",728774753,"send_ok","–í–≤–µ–¥–∏—Ç–µ <b>—Ç–µ–º–∞</b>:
<i>–ø—Ä–∏–º–µ—Ä: –±–æ—Ç –∫—Ä–∏–ø—Ç–æ–Ω—å—é—Å</i>",""
"2025-12-20 10:59:16",728774753,"start_prompt","idea",""
"2025-12-20 10:59:31",728774753,"recv","–ü–æ—Å—Ç –ø—Ä–æ –ú–æ—Å–∫–≤—É",""
"2025-12-20 10:59:31",728774753,"field","—Ç–µ–º–∞=–ü–æ—Å—Ç –ø—Ä–æ –ú–æ—Å–∫–≤—É","idea"
"2025-12-20 10:59:32",728774753,"send_ok","–í–≤–µ–¥–∏—Ç–µ <b>–¥–ª—è –∫–æ–≥–æ</b>:
<i>–ø—Ä–∏–º–µ—Ä: –Ω–æ–≤–∏—á–∫–∏</i>",""
"2025-12-20 10:59:40",728774753,"recv","–õ—é–±–∏—Ç–µ–ª—å",""
"2025-12-20 10:59:40",728774753,"field","–¥–ª—è –∫–æ–≥–æ=–õ—é–±–∏—Ç–µ–ª—å","idea"
"2025-12-20 10:59:41",728774753,"send_ok","–í–≤–µ–¥–∏—Ç–µ <b>—Ü–µ–ª—å</b>:
<i>–ø—Ä–∏–º–µ—Ä: —Å–æ–±—Ä–∞—Ç—å –∞—É–¥–∏—Ç–æ—Ä–∏—é</i>",""
"2025-12-20 11:00:02",728774753,"recv","–†–∞—Å—Å–∫–∞–∑–∞—Ç—å –∑–∞–Ω—ç—ç–Ω–∞–∫–æ–º—ã–º",""
"2025-12-20 11:00:02",728774753,"field","—Ü–µ–ª—å=–†–∞—Å—Å–∫–∞–∑–∞—Ç—å –∑–∞–Ω—ç—ç–Ω–∞–∫–æ–º—ã–º","idea"
"2025-12-20 11:00:02",728774753,"send_ok","<b>‚ú® –í–∞—à –ø—Ä–æ–º–ø—Ç</b>

<code>–ü—Ä–∏–¥—É–º–∞–π –∏–¥–µ—é –ø–æ —Ç–µ–º–µ –ü–æ—Å—Ç –ø—Ä–æ –ú–æ—Å–∫–≤—É –¥–ª—è –õ—é–±–∏—Ç–µ–ª—å. –¶",""
"2025-12-20 11:00:02",728774753,"prompt_generated","idea",""
"2025-12-20 11:00:03",728774753,"send_ok","–í—ã–±–µ—Ä–∏—Ç–µ –∫–∞—Ç–µ–≥–æ—Ä–∏—é:",""
"2025-12-20 20:48:48",8237916644,"recv","–°–ª–æ–≥–∞–Ω  ‚úçÔ∏è",""
"2025-12-20 20:48:49",8237916644,"send_ok","–í–≤–µ–¥–∏—Ç–µ <b>–ø—Ä–æ–¥—É–∫—Ç</b>:
<i>–ø—Ä–∏–º–µ—Ä: CryptoPulse</i>",""
"2025-12-20 20:48:49",8237916644,"start_prompt","tagline",""
"2025-12-20 20:48:49",8237916644,"recv","–ø—Ä–æ–¥–∞—Ç—å –∫–æ–≤—Ä–∏–∫–∏",""
"2025-12-20 20:48:49",8237916644,"field","–ø—Ä–æ–¥—É–∫—Ç=–ø—Ä–æ–¥–∞—Ç—å –∫–æ–≤—Ä–∏–∫–∏","tagline"
"2025-12-20 20:48:49",8237916644,"send_ok","–í–≤–µ–¥–∏—Ç–µ <b>—Å—Ç–∏–ª—å</b>:
<i>–ø—Ä–∏–º–µ—Ä: —Å–æ–≤—Ä–µ–º–µ–Ω–Ω–æ</i>",""
"2025-12-20 20:48:49",8237916644,"recv","start",""
"2025-12-20 20:48:49",8237916644,"field","—Å—Ç–∏–ª—å=start","tagline"
"2025-12-20 20:48:49",8237916644,"send_ok","<b>‚ú® –í–∞—à –ø—Ä–æ–º–ø—Ç</b>

<code>–ü—Ä–∏–¥—É–º–∞–π 10 —Å–ª–æ–≥–∞–Ω–æ–≤ –¥–ª—è –ø—Ä–æ–¥–∞—Ç—å –∫–æ–≤—Ä–∏–∫–∏ –≤ —Å—Ç–∏–ª–µ star",""
"2025-12-20 20:48:49",8237916644,"prompt_generated","tagline",""
"2025-12-20 20:48:50",8237916644,"send_ok","–í—ã–±–µ—Ä–∏—Ç–µ –∫–∞—Ç–µ–≥–æ—Ä–∏—é:",""
"2025-12-20 20:48:59",8237916644,"recv","üé¨ –í–∏–¥–µ–æ ‚Äî —Å—Ü–µ–Ω–∞—Ä–∏–∏, —Ä–æ–ª–∏–∫–∏",""
"2025-12-20 20:49:00",8237916644,"send_ok","<b>–í–∏–¥–µ–æ</b>
–í—ã–±–µ—Ä–∏—Ç–µ –∑–∞–¥–∞—á—É:",""
"2025-12-20 20:49:00",8237916644,"open_category","video",""
"2025-12-20 20:49:54",8237916644,"recv","–∫—Ä–∞—Å–∏–≤—ã–π –∫–ª–∏–ø —Å–æ –º–Ω–æ–π",""
"2025-12-20 20:49:54",8237916644,"send_ok","–í—ã–±–µ—Ä–∏—Ç–µ –∫–∞—Ç–µ–≥–æ—Ä–∏—é –∏–∑ –º–µ–Ω—é üëá",""
"2025-12-20 20:50:00",8237916644,"recv","üì£ –ú–∞—Ä–∫–µ—Ç–∏–Ω–≥ ‚Äî —Ä–µ–∫–ª–∞–º–∞, –æ—Ñ—Ñ–µ—Ä—ã",""
"2025-12-20 20:50:00",8237916644,"send_ok","<b>–ú–∞—Ä–∫–µ—Ç–∏–Ω–≥</b>
–í—ã–±–µ—Ä–∏—Ç–µ –∑–∞–¥–∞—á—É:",""
"2025-12-20 20:50:00",8237916644,"open_category","marketing",""
"2025-12-20 20:50:05",8237916644,"recv","–†–µ–∫–ª–∞–º–∞  üì¢",""
"2025-12-20 20:50:05",8237916644,"send_ok","–í–≤–µ–¥–∏—Ç–µ <b>–ø—Ä–æ–¥—É–∫—Ç</b>:
<i>–ø—Ä–∏–º–µ—Ä: –±–æ—Ç –Ω–æ–≤–æ—Å—Ç–µ–π</i>",""
"2025-12-20 20:50:05",8237916644,"start_prompt","ad",""
"2025-12-20 20:50:16",8237916644,"recv","–º–µ–Ω—è",""
"2025-12-20 20:50:16",8237916644,"field","–ø—Ä–æ–¥—É–∫—Ç=–º–µ–Ω—è","ad"
"2025-12-20 20:50:16",8237916644,"send_ok","–í–≤–µ–¥–∏—Ç–µ <b>–∞—É–¥–∏—Ç–æ—Ä–∏—è</b>:
<i>–ø—Ä–∏–º–µ—Ä: –Ω–æ–≤–∏—á–∫–∏</i>",""
"2025-12-20 20:50:24",8237916644,"recv","–ø—Ä–æ—Ñ–∏",""
"2025-12-20 20:50:24",8237916644,"field","–∞—É–¥–∏—Ç–æ—Ä–∏—è=–ø—Ä–æ—Ñ–∏","ad"
"2025-12-20 20:50:25",8237916644,"send_ok","–í–≤–µ–¥–∏—Ç–µ <b>—Ñ–æ—Ä–º–∞—Ç</b>:
<i>–ø—Ä–∏–º–µ—Ä: –∫–æ—Ä–æ—Ç–∫–∏–π —Ç–µ–∫—Å—Ç</i>",""
"2025-12-20 20:50:34",8237916644,"recv","–∫–æ—Ä–æ—Ç–∫–æ",""
"2025-12-20 20:50:34",8237916644,"field","—Ñ–æ—Ä–º–∞—Ç=–∫–æ—Ä–æ—Ç–∫–æ","ad"
"2025-12-20 20:50:34",8237916644,"send_ok","<b>‚ú® –í–∞—à –ø—Ä–æ–º–ø—Ç</b>

<code>–°–æ–∑–¥–∞–π —Ä–µ–∫–ª–∞–º–Ω—ã–π —Ç–µ–∫—Å—Ç –¥–ª—è –º–µ–Ω—è, –∞—É–¥–∏—Ç–æ—Ä–∏—è –ø—Ä–æ—Ñ–∏, —Ñ–æ—Ä",""
"2025-12-20 20:50:34",8237916644,"prompt_generated","ad",""
"2025-12-20 20:50:35",8237916644,"send_ok","–í—ã–±–µ—Ä–∏—Ç–µ –∫–∞—Ç–µ–≥–æ—Ä–∏—é:",""
"2025-12-23 06:41:03",8237916644,"recv","üì£ –ú–∞—Ä–∫–µ—Ç–∏–Ω–≥ ‚Äî —Ä–µ–∫–ª–∞–º–∞, –æ—Ñ—Ñ–µ—Ä—ã",""
"2025-12-23 06:41:03",8237916644,"send_ok","<b>–ú–∞—Ä–∫–µ—Ç–∏–Ω–≥</b>
–í—ã–±–µ—Ä–∏—Ç–µ –∑–∞–¥–∞—á—É:",""
"2025-12-23 06:41:03",8237916644,"open_category","marketing",""
"2025-12-23 06:41:03",8237916644,"recv","üé¨ –í–∏–¥–µ–æ ‚Äî —Å—Ü–µ–Ω–∞—Ä–∏–∏, —Ä–æ–ª–∏–∫–∏",""
"2025-12-23 06:41:04",8237916644,"send_ok","<b>–í–∏–¥–µ–æ</b>
–í—ã–±–µ—Ä–∏—Ç–µ –∑–∞–¥–∞—á—É:",""
"2025-12-23 06:41:04",8237916644,"open_category","video",""
"2025-12-23 06:41:14",8237916644,"recv","üè† –î–æ–º–æ–π",""
"2025-12-23 06:41:15",8237916644,"send_ok","<b>üëã PromptBinder</b>
–í—ã–±–µ—Ä–∏—Ç–µ –∫–∞—Ç–µ–≥–æ—Ä–∏—é:",""
"2025-12-23 06:41:15",8237916644,"start","",""
"2025-12-23 06:41:17",8237916644,"recv","üì£ –ú–∞—Ä–∫–µ—Ç–∏–Ω–≥ ‚Äî —Ä–µ–∫–ª–∞–º–∞, –æ—Ñ—Ñ–µ—Ä—ã",""
"2025-12-23 06:41:17",8237916644,"send_ok","<b>–ú–∞—Ä–∫–µ—Ç–∏–Ω–≥</b>
–í—ã–±–µ—Ä–∏—Ç–µ –∑–∞–¥–∞—á—É:",""
"2025-12-23 06:41:17",8237916644,"open_category","marketing",""
"2025-12-23 06:41:20",8237916644,"recv","–†–µ–∫–ª–∞–º–∞  üì¢",""
"2025-12-23 06:41:21",8237916644,"send_ok","–í–≤–µ–¥–∏—Ç–µ <b>–ø—Ä–æ–¥—É–∫—Ç</b>:
<i>–ø—Ä–∏–º–µ—Ä: –±–æ—Ç –Ω–æ–≤–æ—Å—Ç–µ–π</i>",""
"2025-12-23 06:41:21",8237916644,"start_prompt","ad",""
"2025-12-30 14:52:30",8237916644,"recv","‚ùå –û—Ç–º–µ–Ω–∞",""
"2025-12-30 14:52:31",8237916644,"send_ok","–û—Ç–º–µ–Ω–µ–Ω–æ.",""
"2025-12-30 14:52:38",8237916644,"recv","‚ú® –ö—Ä–µ–∞—Ç–∏–≤ ‚Äî –∏–¥–µ–∏, —Å–ª–æ–≥–∞–Ω—ã",""
"2025-12-30 14:52:38",8237916644,"send_ok","<b>–ö—Ä–µ–∞—Ç–∏–≤</b>
–í—ã–±–µ—Ä–∏—Ç–µ –∑–∞–¥–∞—á—É:",""
"2025-12-30 14:52:38",8237916644,"open_category","creative",""
"2025-12-30 14:52:41",8237916644,"recv","–°–ª–æ–≥–∞–Ω  ‚úçÔ∏è",""
"2025-12-30 14:52:42",8237916644,"send_ok","–í–≤–µ–¥–∏—Ç–µ <b>–ø—Ä–æ–¥—É–∫—Ç</b>:
<i>–ø—Ä–∏–º–µ—Ä: CryptoPulse</i>",""
"2025-12-30 14:52:42",8237916644,"start_prompt","tagline",""
"2025-12-30 14:52:48",8237916644,"recv","–∫–æ–≤—Ä–∏–∫",""
"2025-12-30 14:52:48",8237916644,"field","–ø—Ä–æ–¥—É–∫—Ç=–∫–æ–≤—Ä–∏–∫","tagline"
"2025-12-30 14:52:48",8237916644,"send_ok","–í–≤–µ–¥–∏—Ç–µ <b>—Å—Ç–∏–ª—å</b>:
<i>–ø—Ä–∏–º–µ—Ä: —Å–æ–≤—Ä–µ–º–µ–Ω–Ω–æ</i>",""
"2025-12-30 14:52:55",8237916644,"recv","—Ä–µ—Ç—Ä–æ",""
"2025-12-30 14:52:55",8237916644,"field","—Å—Ç–∏–ª—å=—Ä–µ—Ç—Ä–æ","tagline"
"2025-12-30 14:52:55",8237916644,"send_ok","<b>‚ú® –í–∞—à –ø—Ä–æ–º–ø—Ç</b>

<code>–ü—Ä–∏–¥—É–º–∞–π 10 —Å–ª–æ–≥–∞–Ω–æ–≤ –¥–ª—è –∫–æ–≤—Ä–∏–∫ –≤ —Å—Ç–∏–ª–µ —Ä–µ—Ç—Ä–æ.</code>",""
"2025-12-30 14:52:55",8237916644,"prompt_generated","tagline",""
"2025-12-30 14:52:56",8237916644,"send_ok","–í—ã–±–µ—Ä–∏—Ç–µ –∫–∞—Ç–µ–≥–æ—Ä–∏—é:",""
